开心,79
麻花,78
电影,70
喜剧,52
夏洛特,34
一个,32
艾伦,32
马丽,31
哈哈哈,28
笑点,28
真的,27
沈腾,26
好看,25
烦恼,24
故事,23
身体,22
预告片,21
好笑,21
铁拳,20
尴尬,19
互换,19
不错,18
期待,17
羞羞,17
男女,17
感觉,16
剧本,16
剧情,16
搞笑,14
观众,14
话剧,13
哈哈哈哈,13
觉得,13
作品,13
有点,13
演员,11
笑料,11
老套,11
国庆,11
这部,11
特别,11
喜欢,11
题材,11
第三部,11
全程,11
拳击,10
应该,10
已经,10
上映,10
中国,10
段子,10
密集,10
电影院,10
缝纫机,9
需要,9
演技,9
名字,9
确实,9
票房,9
一部,9
好运来,9
这种,8
团队,8
一起,8
爆笑,8
表演,8
部分,8
喜剧片,8
水军,8
三星,7
整体,7
地方,7
推荐,7
看到,7
夏洛,7
知道,7
一定,7
问题,7
完全,7
低俗,7
自然,7
一堆,7
十一,7
角色,7
全片,6
影评,6
一剪梅,6
最后,6
这次,6
今年,6
包袱,6
套路,6
身材,6
国产,6
新鲜,6
类型,6
支持,6
片子,6
口碑,5
创意,5
影片,5
银幕,5
东西,5
看着,5
换身,5
改编,5
无聊,5
真正,5
设定,5
显得,5
一下,5
鲤鱼,5
五星,5
在线,5
桥段,5
不断,5
3.5,5
好玩,5
笑果,5
影院,5
小品,5
厉害,5
尤其,5
不要脸,5
一次,5
常远,5
之后,5
冠军,4
消费,4
情怀,4
大众,4
比较,4
也许,4
真是,4
可惜,4
惊喜,4
四星,4
之前,4
这是,4
马冬梅,4
那段,4
出品,4
点映,4
朋友,4
过来,4
一直,4
烂片,4
带来,4
最好,4
不让,4
明天,4
有意思,4
最大,4
观影,4
结尾,4
一些,4
汉子,4
看过,4
好像,4
理解,4
两个,4
继续,4
表情,4
制作,4
客串,4
听说,4
全场,4
励志,4
失望,4
上山,4
前半段,4
所有,4
现在,4
两部,4
关键,4
舞台,4
剧作,4
节奏,4
预告,4
元素,4
拳手,3
希望,3
形式,3
秘密,3
找到,3
情节,3
一点,3
打拳,3
艾迪,3
屌丝,3
乐队,3
俗套,3
完成度,3
成熟,3
亮点,3
出场,3
主要,3
买好,3
老梗,3
夸张,3
狗血,3
娘得,3
依然,3
保证,3
至极,3
新花样,3
流畅,3
创作,3
适合,3
秀念,3
坚持,3
决定,3
来说,3
漫画,3
看看,3
第二部,3
打算,3
细节,3
选择,3
一星,3
上次,3
台词,3
交换,3
后面,3
打磨,3
属于,3
ji,3
依旧,3
闺蜜,3
欢乐,3
容易,3
很大,3
更好,3
家长,3
重要,3
终于,3
理由,3
喜剧电影,3
爸爸,3
合格,3
认真,3
一眼,3
价值观,3
恶搞,3
人物,3
体育,3
语言,3
张力,3
廉价,3
表达,3
是不是,3
有人,3
发挥,3
提前,3
网络,3
摔跤,3
结合,3
太多,3
baby,3
过程,3
始终,3
值得,3
有趣,3
好多,3
复仇,3
有个,3
不算,3
作者,3
大笑,3
服务,3
接地,3
舒服,3
硬挠,3
吴良,3
周星驰,3
达到,3
广告,3
反差,3
喜感,3
歧视,2
爸妈,2
国产电影,2
无疑,2
评价,2
整个,2
100,2
好久没,2
明确,2
政治,2
类型化,2
反正,2
形象,2
样子,2
所谓,2
分钟,2
结束,2
三观,2
一种,2
深厚,2
粗糙,2
不够,2
6.5,2
一击,2
不太,2
用力,2
说实话,2
白肉,2
忍不住,2
明显,2
燃起,2
超过,2
胳肢窝,2
笑声,2
劈叉,2
海报,2
错过,2
人生,2
狂欢,2
审美,2
性转,2
可怕,2
不好,2
樊野,2
内地,2
以往,2
表现,2
主题,2
直接,2
女朋友,2
隔壁,2
性格,2
CP,2
轻松,2
这才,2
系列,2
逻辑,2
动作,2
老鹰,2
快乐,2
扑街,2
太糙,2
韩剧,2
主线,2
小孩,2
打开,2
本来,2
努力,2
美女,2
出身,2
wax,2
花哨,2
身后,2
出戏,2
一路,2
精准,2
不及格,2
火钳,2
颜值,2
用心,2
前半部,2
拍电影,2
二十年,2
质量,2
肚子,2
存在,2
略显,2
收腹,2
大量,2
至少,2
山伯爵,2
乌龙,2
男主,2
大陆,2
新作,2
https,2
评分,2
刘明,2
那种,2
每部,2
成功,2
优秀,2
利用,2
卖力,2
嘿嘿,2
煽情,2
看似,2
中间,2
时间,2
10,2
有种,2
成为,2
生活,2
高级,2
说好,2
买票,2
review,2
弥补,2
叽叽,2
黑幕,2
进步,2
主演,2
深度,2
程度,2
老师,2
令人,2
观众们,2
偷偷,2
智斗,2
未来,2
异常,2
天堂,2
票价,2
一场,2
看出,2
处理,2
鼓掌,2
学艺,2
空间,2
听到,2
之间,2
回来,2
说服,2
身份,2
高度,2
这方面,2
撕开,2
功力,2
欢喜冤家,2
豆瓣,2
熬鹰,2
看战,2
长得,2
太不容易,2
档期,2
说话,2
激战,2
梦想,2
绿绿,2
吸引,2
品质,2
现实,2
每个,2
没什么,2
有时候,2
人设,2
释放,2
及格,2
变错,2
矛盾,2
不到,2
就要,2
内核,2
可爱,2
无厘头,2
电影票,2
最终,2
看个,2
完成,2
严肃,2
得到,2
假期,2
眼泪,2
肌肉,2
无比,2
以上,2
美学,2
movie,2
太高,2
正义,2
平均,2
放松,2
好久,2
叙事,2
性别,2
远不如,2
不足,2
尹正,2
一边,2
设计,2
接受,2
诚意,2
只能,2
差点,2
刚需,2
减肥,2
简单,2
开场,2
经验,2
优势,2
编剧,2
等待,2
预期,2
证明,2
超越,2
逗笑,2
很强,2
真实,2
差太多,2
水准,2
30,2
第一次,2
动人,2
更是,2
正片,2
符合,2
浑身,2
有点像,2
好帅,2
百场,2
笑话,2
一半,2
这类,2
春晚,2
进入,2
后半段,2
douban,2
倒错,2
不及,2
抽筋,2
刻意,2
贡献,2
来源,2
强行,2
许多,2
花园,2
前作,2
拳王,2
演得,2
情感,2
超级,2
不像,2
烂俗,2
急急,2
出彩,2
点子,2
晚上,2
浮夸,2
变成,2
bug,2
铁锅,2
方面,2
追求,2
风格,2
境界,2
加分,2
没想到,2
品味,2
PS,2
没笑,2
不尬,2
嘻嘻,2
韩国,2
老娘们儿,2
上升,2
引发,2
满足,2
com,2
一波,2
显然,2
结构,2
实在,2
像是,2
估计,2
讨巧,2
太帅,2
拳击手,2
女星,2
比夏洛,2
东北,2
强烈,2
堆砌,2
那场,2
一遍,1
劲儿,1
颠倒,1
闪光灯,1
沉冤,1
期望,1
拳打,1
不想,1
出现,1
演出,1
剪得,1
出色,1
打造,1
乡下,1
非正义,1
化身,1
内容,1
试验,1
喷子,1
更渣,1
王者,1
超脱,1
疲劳,1
设老,1
信仰,1
大鹏,1
无名,1
必定会,1
一身,1
流莺,1
相比而言,1
强力,1
一条线,1
八分,1
回头,1
买账,1
浓重,1
爆米花,1
强调,1
心疼,1
煎饼,1
筹备,1
东拼西凑,1
进军,1
回味,1
播在,1
本色,1
缺陷,1
第一,1
歪瓜裂,1
大老爷,1
call,1
惊世骇俗,1
受不了,1
越发,1
纯直,1
怀孕,1
推陈出新,1
硬生生,1
力压,1
哪去,1
胸前,1
mv,1
事实证明,1
满屏,1
进行,1
不知所云,1
寂寞,1
实际上,1
马冬梅算,1
一滴,1
很酷,1
魔幻,1
有座,1
效果,1
一大,1
不好意思,1
千锤百炼,1
中本,1
需求,1
无数遍,1
气儿,1
三角,1
新鲜感,1
打擂台,1
......,1
趣味,1
你国,1
多于,1
荧幕,1
over,1
高明,1
卖腐,1
一本,1
在我看来,1
配置,1
心痛,1
荒诞不经,1
6.8,1
学院,1
不失,1
十秒,1
多人,1
感人,1
低级趣味,1
角度,1
吃屎,1
说真的,1
脑洞,1
事不关己,1
以前,1
承认,1
小疵,1
很棒,1
集锦,1
中式,1
高雅,1
误导,1
得以,1
秒杀,1
诱惑,1
忽略,1
影城,1
卑躬屈膝,1
五颗星,1
斯卡拉,1
名头,1
学会,1
打底,1
五秒,1
意外,1
反转,1
地下,1
马丽好,1
设置,1
天上,1
马丽女,1
痛快,1
一排,1
装女,1
笑出眼泪,1
热血,1
一剪,1
包括,1
还行,1
屋外,1
明明,1
阴谋,1
喜庆,1
正向,1
相当,1
一网打尽,1
全刷,1
取悦,1
纠葛,1
推进,1
打电话,1
群英会,1
空乏,1
瑕疵,1
般的,1
太惨,1
满满的,1
融入,1
好友,1
平衡点,1
波波,1
两颗,1
挺燃,1
这盘,1
先占个,1
腻歪,1
老掉牙,1
我敢,1
看得,1
通红,1
缺点,1
要火,1
照样,1
7.3,1
7.0,1
7.6,1
变男,1
哪位,1
运化,1
言外之意,1
华语,1
哪有,1
星爷,1
国内,1
毫不犹豫,1
那首,1
随后,1
现象,1
杀马特,1
盗版,1
巧思,1
准备,1
计较,1
最高,1
艾玛超,1
从前,1
不出所料,1
前两天,1
过硬,1
演女,1
合适,1
主角,1
人员,1
太棒了,1
一线,1
合体,1
破坏,1
修修,1
前耻,1
苦大仇深,1
称作,1
依我来看,1
高速公路,1
立住,1
很重,1
别太,1
标准,1
讲述,1
精心策划,1
小伙儿,1
深刻,1
三血,1
恶心,1
担心,1
电影版,1
奇幻,1
晚点,1
不来,1
花外,1
赢家,1
散场,1
冷漠,1
幽默滑稽,1
提高,1
不拘一格,1
段落,1
脱胎,1
防脱发,1
两星,1
所有人,1
职业,1
王智,1
48438,1
三部曲,1
一切都是,1
身本,1
岔气,1
出声,1
宝刀未老,1
转折,1
胸胸,1
极强,1
洗头水,1
反例,1
一颗,1
那套,1
装疯卖傻,1
女孩,1
换换,1
小学,1
关系,1
异性,1
查不到,1
20171002,1
初衷,1
一章,1
三颗,1
抓得,1
变性,1
驱动,1
意识,1
清楚,1
指着,1
驾轻就熟,1
抵不住,1
下跪,1
画面,1
荒唐,1
练拳,1
美好,1
保持,1
我头,1
饭局,1
当天,1
精壮,1
燃得,1
满场,1
梦幻,1
功夫,1
马小,1
不能自己,1
起码,1
天朝,1
男孩,1
比划,1
宣传,1
镜头感,1
停格后,1
撑场,1
新开,1
坐等,1
让你在,1
费用,1
道德,1
艳光四射,1
太柴,1
洋气,1
畅快,1
影响,1
不来电,1
hhhhh,1
错误,1
佳句,1
必杀技,1
好玩儿,1
功不可没,1
一条,1
聪明,1
之下,1
世界,1
真是太,1
照亮,1
反映,1
普罗,1
转变,1
百试,1
泄洪,1
插曲,1
不出,1
周围,1
过去,1
过期,1
变身,1
屏幕,1
小花,1
走出,1
差别,1
手法,1
金金,1
挖掘,1
不服,1
同志,1
很糙,1
人想,1
振兴,1
两张,1
8841866,1
一心,1
手影,1
敬业,1
形成,1
劲想,1
剧场,1
肚子痛,1
俱全,1
辛苦,1
玛丽,1
夏洛笑,1
姑娘,1
半小时,1
糊涂,1
MV,1
足矣,1
日本,1
回顾,1
香港,1
突出,1
足以,1
先生,1
那类,1
缓和,1
呵呵,1
柳暗花明,1
增肌,1
田雨,1
想拉着,1
临时,1
其他人,1
闪光弹,1
味儿,1
弱化,1
一雪,1
感到,1
轻易,1
人值,1
收得,1
男配,1
疲态,1
扎实,1
胸腹,1
呈现,1
满城,1
不怎么样,1
西皮,1
司机,1
清晰,1
寂寂,1
对比,1
俗梗凑,1
垒坝,1
勉强,1
大嘴,1
殿堂,1
调整,1
挑不出,1
影视,1
有毒,1
网大,1
欣赏,1
联系,1
共强,1
层次,1
麻麻,1
小短手,1
做作,1
纠结,1
穿越,1
好几百,1
迷妹,1
难懂,1
绝大多数,1
无趣,1
燃是,1
棒喝,1
没收,1
取材,1
假拳,1
经不起,1
女友,1
目前,1
极像,1
权利,1
免费,1
人们,1
致敬,1
牙往,1
认真对待,1
层次感,1
赵狗花,1
今晚,1
不行,1
泡沫,1
山上,1
鼓励性,1
自拍,1
加强,1
认为,1
固定,1
影子,1
背过,1
休闲,1
開心,1
看点,1
精神,1
十分,1
效仿,1
度过,1
出租车,1
节点,1
黄扫,1
大开,1
凑合,1
太好了,1
高速路,1
佳片,1
肉麻,1
制品,1
大红,1
渣攻,1
描述,1
换魂,1
玩得,1
15,1
14,1
过犹不及,1
爱不起,1
唯一,1
掌控,1
女主,1
同类题材,1
倪妮,1
攒着,1
大瘤,1
受们,1
完一波,1
紫荆,1
看一遍,1
肆无忌惮,1
转行,1
拜倒,1
无缝,1
突破,1
感动,1
今天,1
认识,1
babybaby,1
拍拖,1
制裁,1
一点点,1
半程,1
说法,1
两位,1
解读,1
过火,1
正常人,1
虚假,1
星半,1
架空,1
票贩,1
定位,1
相比之下,1
点外,1
三个,1
新笑果,1
太子妃,1
最近,1
看度,1
看不下去,1
五十,1
特色,1
点赞,1
一朝,1
本片,1
赌个,1
一对,1
过年,1
我国,1
暴露,1
只好,1
60,1
扭曲,1
早些,1
包围,1
舍我其谁,1
mark,1
偏弱,1
水银,1
Bug,1
占坑,1
小宅,1
台湾,1
沉默,1
排斥,1
鸡血,1
对话,1
衍生,1
身上,1
先试,1
大哥,1
指数,1
叨叨,1
引向,1
修炼,1
竞技,1
档次,1
荒诞,1
喝了酒,1
十几公里,1
最差,1
发小,1
尚有,1
迫不及待,1
商品,1
长安,1
一群,1
娘娘腔,1
笑成,1
导演,1
面对,1
伤力,1
兽医,1
快餐,1
咋样,1
泻地,1
聒噪,1
時間,1
好不好,1
两年,1
厕所,1
一睹,1
主创,1
耽误,1
浓浓的,1
离谱,1
裸奔,1
沈老,1
活生生,1
小白,1
喷来,1
具有,1
说不上,1
调度,1
預告,1
玩玩,1
探险,1
扣人心弦,1
某鸟,1
闹腾,1
何乐不为,1
热水器,1
首日,1
四年级,1
on,1
ace,1
电出,1
有钱赚,1
老套路,1
较量,1
追捧,1
一类,1
面面相觑,1
塞进,1
low,1
奶茶,1
再来,1
要犯,1
八素,1
明回,1
黑色幽默,1
咯吱,1
看毒,1
一分钟,1
铁人,1
淑女,1
香精,1
受用,1
见仁见智,1
夺冠,1
能量,1
打碎,1
从马丽,1
束焕,1
重拾,1
下次,1
徒弟,1
特意,1
几段,1
多种,1
爆棚,1
陷害,1
糊弄,1
七到,1
亏得,1
小时,1
原型,1
三部,1
鲜肉,1
说出,1
感重,1
网页,1
公司,1
最像,1
极致,1
莫过于,1
一丝一毫,1
所能,1
老百姓,1
最低,1
首选,1
鸡贼,1
精心,1
记录,1
老人,1
招牌,1
正直,1
男演员,1
威龙,1
他家,1
流水线,1
港片,1
氛围,1
互置,1
夏洛教,1
概念,1
摔爸,1
摔爹,1
嚎哭,1
新颖,1
怎么回事,1
澡堂,1
安排,1
回归,1
用爵迹,1
三十,1
后悔,1
好听,1
方式,1
黑色,1
没关系,1
无所谓,1
左边,1
祭出,1
向来,1
选手,1
伪娘,1
惯用,1
有变,1
无味,1
晦涩,1
李易峰,1
私人,1
垃圾,1
降到,1
太少,1
争相,1
聚焦,1
优劣,1
实景,1
再次,1
专业,1
十足,1
结局,1
太低,1
抢眼,1
一个系列,1
崽子,1
门下,1
实力,1
搬上大,1
章节,1
饱满,1
关怀,1
娘娘,1
夏洛差,1
路子,1
三流,1
那部,1
一看,1
集体,1
足够,1
反串,1
爷们,1
戏份,1
反思,1
音响,1
不落,1
舞台剧,1
对决,1
中途,1
推敲,1
随手,1
剧照,1
整景,1
英伦,1
外露,1
办法,1
别扭,1
算是,1
23,1
金腰带,1
高兴,1
身材苗条,1
肥赘,1
癫狂,1
回家,1
门路,1
长期,1
牵强,1
时代,1
开口,1
拳头,1
自带,1
马丽圈,1
经典,1
名称,1
耍帅,1
太能,1
不落俗套,1
低于,1
花粉,1
冷面,1
一刻,1
Mall,1
打赌,1
某集麦,1
身亡,1
乱七八糟,1
戏剧,1
不正,1
咣当,1
专业性,1
帮人,1
难以,1
把酒言欢,1
同期,1
东方人,1
这点,1
性质,1
如潮,1
給滿,1
妈蛋,1
人心,1
叙述,1
想法,1
嬉笑怒骂,1
太平洋,1
夫妇,1
很尬,1
陈旧,1
幻想,1
好评,1
过度,1
娱乐,1
虽为,1
吴良帅,1
增加,1
承担,1
适宜,1
每一秒,1
气氛,1
比赛,1
情绪,1
喜剧演员,1
疯狂,1
蜜汁,1
花园里,1
某种,1
上乘,1
杨宗纬,1
无以复加,1
掩盖,1
脐带,1
带上,1
浙大,1
崩塌,1
第四章,1
梗到,1
泳池,1
爆炸,1
正儿八经,1
童话,1
一瞬间,1
清新,1
令人喷饭,1
无数次,1
预计,1
那节,1
缺乏,1
喜好,1
引用,1
猪叫,1
以为,1
好片,1
优越性,1
妹妹,1
整完,1
精品,1
塑造,1
笑匠,1
首歌,1
宋阳,1
讲道理,1
樊野长,1
常规,1
回事儿,1
简介,1
平面,1
仔细,1
转换,1
实则,1
大失所望,1
双料,1
抄袭,1
大杂烩,1
留下,1
冷调,1
好娘,1
零星,1
印度,1
对换,1
恶俗,1
呼呼,1
格斗,1
夏洛黑,1
合集,1
比夏洛差,1
减一星,1
变奏,1
圣人,1
模样,1
定义,1
注意,1
闭着,1
羞耻感,1
贝贝贝贝,1
生硬,1
便宜,1
字儿,1
随意,1
东方,1
排练,1
不多,1
不大像,1
凸显,1
心里,1
较之于,1
中庸,1
跪出,1
妈妈,1
明白,1
不同凡响,1
吴良输,1
投资,1
丫儿,1
部部,1
营销,1
以外,1
收获,1
调侃,1
片名,1
连接,1
评论,1
神神,1
人文,1
看尽,1
屋内,1
很渣,1
会成,1
新闻,1
技能,1
直播,1
玩出,1
游戏,1
双手,1
憨傻,1
走国,1
剧中,1
高潮,1
3.8,1
占个,1
吊儿郎当,1
意思,1
或者说,1
致命,1
几年,1
意涵,1
显示,1
小人物,1
落寞,1
bgm,1
绿驴,1
莲门学,1
可赞,1
深意,1
方法,1
随随便便,1
之锤,1
不爽,1
长假,1
期间,1
各种类型,1
公共,1
傻大个,1
外壳,1
肢体,1
物欲横流,1
背后,1
转载,1
豪爽,1
game,1
获奖,1
捂住,1
....,1
挂名,1
黄金,1
讲得,1
无奈,1
当之无愧,1
不笑,1
宝宝,1
追加,1
精分,1
抛弃,1
还会,1
電影,1
收尾,1
三对,1
深夜,1
锤炼,1
丢失,1
视觉,1
当前,1
太妙了,1
不痛不痒,1
浴室,1
档国片,1
无稽,1
中秋,1
小哥,1
运用,1
之王,1
讲真,1
陷阱,1
帅气,1
太老,1
环境,1
一股,1
看法,1
转场,1
钾碳,1
六福,1
反应,1
啊啊啊,1
不适,1
喝个,1
光芒,1
声音,1
路上,1
聚会,1
别烂,1
消遣,1
相信,1
连杀,1
事情,1
男能,1
喜事,1
产生,1
版权,1
撞死人,1
好好笑,1
开演,1
35,1
存粹,1
旁边,1
三秒,1
有着,1
换个,1
艺术家,1
心照不宣,1
五分,1
记不住,1
断气,1
耳朵,1
苦练,1
重申,1
背负,1
俗梗,1
哀乐,1
vaudeville,1
港台腔,1
没辙,1
稍逊,1
弄不清,1
旧片,1
历练,1
说明,1
经历,1
擅长,1
奇怪,1
获得,1
几天,1
正经,1
败笔,1
只值,1
好多年,1
感兴趣,1
小可爱,1
争论,1
辣鸡,1
多久,1
几处,1
人生哲学,1
相比,1
要求,1
现阶段,1
饺子皮,1
女孩子,1
胡拼乱,1
情况,1
图乐,1
无暇,1
翻翻,1
hin,1
2015,1
2017,1
2010,1
战狼,1
两类,1
翻白眼,1
饺子馅,1
只会尬,1
面面俱到,1
微笑,1
告别,1
不可,1
cry,1
老毛病,1
大业,1
找寻,1
场景,1
个人感觉,1
大牌,1
张着,1
超赞,1
一肚子,1
单凭,1
超想,1
加入,1
庸俗,1
专攻,1
自如,1
一惊,1
星如,1
局限性,1
随便,1
卷莲,1
一想,1
虽好,1
大腿,1
索性,1
下手,1
看好,1
男女关系,1
满意,1
带感,1
史上,1
呼啦啦,1
出个,1
无论是,1
恰到好处,1
肯定,1
揭秘,1
几个,1
黑马,1
前年,1
拳击赛,1
原话,1
受众,1
一年半载,1
运动,1
交融,1
眼睛,1
压力,1
灰色,1
以后,1
久违,1
又名,1
室内,1
好坏,1
痒痒,1
考虑,1
过节,1
迎合,1
发现,1
镜头,1
犯罪,1
打成,1
BGM,1
已然,1
好贵,1
长评,1
这事,1
拜师学艺,1
他演,1
不用,1
囊肉,1
礼貌,1
那点,1
最弱,1
错位,1
水平,1
最强,1
萌到,1
深化,1
好好,1
发个,1
两人,1
新意,1
改成,1
中年,1
斯大林,1
每场,1
阶段,1
爱死,1
大部分,1
极少数人,1
腾出来,1
必属,1
融合,1
难过,1
正中,1
一毛,1
媒体,1
笑痛,1
女浴室,1
布景,1
同行,1
放映,1
胜在,1
摸鱼,1
练练,1
出租屋,1
悄悄的,1
昭雪,1
玩儿,1
高大,1
俯卧撑,1
卷帘门,1
表扬,1
舍不得,1
训练,1
傻子,1
感情,1
升华,1
思索,1
结出,1
无法,1
那有,1
狂抖,1
停留,1
量身,1
第一部,1
翻牌,1
死气沉沉,1
满脸,1
万年,1
一个半,1
买房,1
这片,1
顶峰,1
流畅性,1
哄笑,1
改变,1
期待值,1
最高潮,1
情深,1
文章,1
问下,1
黎明,1
包场,1
亿万,1
主流,1
总结,1
那一刻,1
反复,1
戰狼,1
放进去,1
水到渠成,1
稍显,1
off,1
目前为止,1
输赢,1
莫名其妙,1
男友,1
华章,1
那位,1
底色,1
似乎,1
例外,1
繁荣,1
探索,1
夜总会,1
薛皓文,1
做成,1
演绎,1
告白,1
逼格,1
草粉,1
发功,1
慢慢,1
之韵,1
老梗玩,1
上座率,1
寥寥无几,1
晚安,1
家人,1
推送,1
体现,1
看够,1
更高,1
下面,1
档中,1
鲜活,1
直观,1
制造,1
太猛,1
智商,1
沈腾帅,1
不愧,1
老子,1
腹肌,1
马东,1
来自,1
燃点,1
圈粉,1
马丽演,1
添加剂,1
贵在,1
乍看之下,1
半天,1
院线,1
之霸,1
展现,1
九个,1
伤害,1
喜剧路线,1
没能,1
奇思妙想,1
依赖,1
滥用,1
造星,1
8835503,1
不屑,1
多一星,1
做到,1
一大堆,1
一百亿,1
马特,1
想要,1
要说,1
其用,1
进击,1
了解,1
下去,1
补星,1
我心,1
相交,1
久经,1
加强版,1
无聊乏味,1
收场,1
某位,1
超值,1
拖沓,1
练出,1
莫名,1
